[{"fields": {"model": "logentry", "name": "log entry", "app_label": "admin"}, "model": "contenttypes.contenttype", "pk": 1}, {"fields": {"model": "permission", "name": "permission", "app_label": "auth"}, "model": "contenttypes.contenttype", "pk": 2}, {"fields": {"model": "group", "name": "group", "app_label": "auth"}, "model": "contenttypes.contenttype", "pk": 3}, {"fields": {"model": "user", "name": "user", "app_label": "auth"}, "model": "contenttypes.contenttype", "pk": 4}, {"fields": {"model": "contenttype", "name": "content type", "app_label": "contenttypes"}, "model": "contenttypes.contenttype", "pk": 5}, {"fields": {"model": "session", "name": "session", "app_label": "sessions"}, "model": "contenttypes.contenttype", "pk": 6}, {"fields": {"model": "account", "name": "account", "app_label": "core"}, "model": "contenttypes.contenttype", "pk": 7}, {"fields": {"model": "record", "name": "record", "app_label": "transcribe"}, "model": "contenttypes.contenttype", "pk": 8}, {"fields": {"model": "speaker", "name": "speaker", "app_label": "transcribe"}, "model": "contenttypes.contenttype", "pk": 9}, {"fields": {"model": "piece", "name": "piece", "app_label": "transcribe"}, "model": "contenttypes.contenttype", "pk": 10}, {"fields": {"model": "transcription", "name": "transcription", "app_label": "transcribe"}, "model": "contenttypes.contenttype", "pk": 11}, {"fields": {"model": "logs", "name": "logs", "app_label": "transcribe"}, "model": "contenttypes.contenttype", "pk": 12}, {"fields": {"model": "price", "name": "price", "app_label": "work"}, "model": "contenttypes.contenttype", "pk": 13}, {"fields": {"model": "order", "name": "order", "app_label": "work"}, "model": "contenttypes.contenttype", "pk": 14}, {"fields": {"model": "queue", "name": "queue", "app_label": "work"}, "model": "contenttypes.contenttype", "pk": 15}, {"fields": {"model": "payment", "name": "payment", "app_label": "work"}, "model": "contenttypes.contenttype", "pk": 16}, {"fields": {"model": "usersocialauth", "name": "user social auth", "app_label": "social_auth"}, "model": "contenttypes.contenttype", "pk": 17}, {"fields": {"model": "nonce", "name": "nonce", "app_label": "social_auth"}, "model": "contenttypes.contenttype", "pk": 18}, {"fields": {"model": "association", "name": "association", "app_label": "social_auth"}, "model": "contenttypes.contenttype", "pk": 19}, {"fields": {"expire_date": "2015-08-04T15:35:35Z", "session_data": "NmU0NTlkZWNjOWI2YzI4YTQwZDIwNjYxYTgxNGM2NjI5NDMwOWYzYjqAAn1xAShVDV9hdXRoX3VzZXJfaWRxAooBAVUOZmFjZWJvb2tfc3RhdGVYIAAAAFBSc0JxUTZMNEg2bG1pdHBDMkJEcWllRzhuTUJySktqVRJfYXV0aF91c2VyX2JhY2tlbmRxA1Utc29jaWFsX2F1dGguYmFja2VuZHMuZmFjZWJvb2suRmFjZWJvb2tCYWNrZW5kcQRVHnNvY2lhbF9hdXRoX2xhc3RfbG9naW5fYmFja2VuZHEFVQhmYWNlYm9va3EGWA8AAABfc2Vzc2lvbl9leHBpcnlxB2NkYXRldGltZQpkYXRldGltZQpxCFUKB98IBA8jIwCqmGNkamFuZ28udXRpbHMudGltZXpvbmUKVVRDCnEJKVJxCoZScQtVD19hdXRoX3VzZXJfaGFzaHEMVShmYmYwNGI5ODE2YzA0MmZiMDMwMjYyNTJkNzcwNjVkNmY3YWZiYmZidS4="}, "model": "sessions.session", "pk": "ap69qwpbvmgidrtgkqd521ny6hdw4jhv"}, {"fields": {"expire_date": "2015-06-19T15:47:27Z", "session_data": "ODA4NDZmOWJiMDg5YTM1N2JkMTY0ZjMxMTdmOWIwYzE1YTA4MTFmOTqAAn1xAS4="}, "model": "sessions.session", "pk": "lq46w6ktsg300vxpy9631k37f1s8hwc3"}, {"fields": {"gender": "M", "name": "S1"}, "model": "transcribe.speaker", "pk": 1}, {"fields": {"gender": "M", "name": "S1"}, "model": "transcribe.speaker", "pk": 2}, {"fields": {"gender": "F", "name": "S18"}, "model": "transcribe.speaker", "pk": 3}, {"fields": {"gender": "M", "name": "S17"}, "model": "transcribe.speaker", "pk": 4}, {"fields": {"duration": 9.77, "record": 1, "speaker": 2, "start_at": 2.5, "end_at": 12.27}, "model": "transcribe.piece", "pk": 1}, {"fields": {"duration": 16.4, "record": 1, "speaker": 2, "start_at": 12.27, "end_at": 28.67}, "model": "transcribe.piece", "pk": 2}, {"fields": {"duration": 7.49, "record": 1, "speaker": 2, "start_at": 296.64, "end_at": 304.13}, "model": "transcribe.piece", "pk": 3}, {"fields": {"duration": 5.14, "record": 1, "speaker": 3, "start_at": 28.67, "end_at": 33.81}, "model": "transcribe.piece", "pk": 4}, {"fields": {"duration": 16.93, "record": 1, "speaker": 3, "start_at": 33.81, "end_at": 50.74}, "model": "transcribe.piece", "pk": 5}, {"fields": {"duration": 11.64, "record": 1, "speaker": 3, "start_at": 50.74, "end_at": 62.38}, "model": "transcribe.piece", "pk": 6}, {"fields": {"duration": 19.81, "record": 1, "speaker": 3, "start_at": 62.38, "end_at": 82.19}, "model": "transcribe.piece", "pk": 7}, {"fields": {"duration": 3.35, "record": 1, "speaker": 3, "start_at": 82.19, "end_at": 85.54}, "model": "transcribe.piece", "pk": 8}, {"fields": {"duration": 8.25, "record": 1, "speaker": 3, "start_at": 85.54, "end_at": 93.79}, "model": "transcribe.piece", "pk": 9}, {"fields": {"duration": 13.55, "record": 1, "speaker": 3, "start_at": 93.79, "end_at": 107.34}, "model": "transcribe.piece", "pk": 10}, {"fields": {"duration": 11.8, "record": 1, "speaker": 3, "start_at": 107.34, "end_at": 119.14}, "model": "transcribe.piece", "pk": 11}, {"fields": {"duration": 8.83, "record": 1, "speaker": 3, "start_at": 119.14, "end_at": 127.97}, "model": "transcribe.piece", "pk": 12}, {"fields": {"duration": 10.52, "record": 1, "speaker": 3, "start_at": 132.99, "end_at": 143.51}, "model": "transcribe.piece", "pk": 13}, {"fields": {"duration": 14.51, "record": 1, "speaker": 3, "start_at": 143.51, "end_at": 158.02}, "model": "transcribe.piece", "pk": 14}, {"fields": {"duration": 3.93, "record": 1, "speaker": 3, "start_at": 158.02, "end_at": 161.95}, "model": "transcribe.piece", "pk": 15}, {"fields": {"duration": 12.64, "record": 1, "speaker": 3, "start_at": 161.95, "end_at": 174.59}, "model": "transcribe.piece", "pk": 16}, {"fields": {"duration": 8.27, "record": 1, "speaker": 3, "start_at": 174.59, "end_at": 182.86}, "model": "transcribe.piece", "pk": 17}, {"fields": {"duration": 14.91, "record": 1, "speaker": 3, "start_at": 182.86, "end_at": 197.77}, "model": "transcribe.piece", "pk": 18}, {"fields": {"duration": 11.14, "record": 1, "speaker": 3, "start_at": 201.45, "end_at": 212.59}, "model": "transcribe.piece", "pk": 19}, {"fields": {"duration": 10.53, "record": 1, "speaker": 3, "start_at": 212.59, "end_at": 223.12}, "model": "transcribe.piece", "pk": 20}, {"fields": {"duration": 9.66, "record": 1, "speaker": 3, "start_at": 223.12, "end_at": 232.78}, "model": "transcribe.piece", "pk": 21}, {"fields": {"duration": 12.23, "record": 1, "speaker": 3, "start_at": 232.78, "end_at": 245.01}, "model": "transcribe.piece", "pk": 22}, {"fields": {"duration": 8.14, "record": 1, "speaker": 3, "start_at": 245.01, "end_at": 253.15}, "model": "transcribe.piece", "pk": 23}, {"fields": {"duration": 18.94, "record": 1, "speaker": 3, "start_at": 253.15, "end_at": 272.09}, "model": "transcribe.piece", "pk": 24}, {"fields": {"duration": 10.9, "record": 1, "speaker": 3, "start_at": 272.09, "end_at": 282.99}, "model": "transcribe.piece", "pk": 25}, {"fields": {"duration": 13.65, "record": 1, "speaker": 3, "start_at": 282.99, "end_at": 296.64}, "model": "transcribe.piece", "pk": 26}, {"fields": {"duration": 5.02, "record": 1, "speaker": 4, "start_at": 127.97, "end_at": 132.99}, "model": "transcribe.piece", "pk": 27}, {"fields": {"duration": 3.68, "record": 1, "speaker": 4, "start_at": 197.77, "end_at": 201.45}, "model": "transcribe.piece", "pk": 28}, {"fields": {"default": true, "price": 15.0, "work_type": 0, "content_type": 14, "title": "\u0421\u0442\u0435\u043d\u043e\u0433\u0440\u0430\u0444\u0438\u0440\u043e\u0432\u0430\u043d\u0438\u0435"}, "model": "work.price", "pk": 1}, {"fields": {"default": true, "price": 0.015, "work_type": 0, "content_type": 15, "title": "\u0422\u0440\u0430\u043d\u0441\u043a\u0440\u0438\u0431\u0446\u0438\u044f \u043a\u0443\u0441\u043a\u0430 \u0437\u0430\u043f\u0438\u0441\u0438"}, "model": "work.price", "pk": 2}, {"fields": {"default": true, "price": 1.0, "work_type": 1, "content_type": 15, "title": "\u0412\u044b\u0447\u0438\u0442\u043a\u0430 \u043a\u0443\u0441\u043a\u0430 \u0437\u0430\u043f\u0438\u0441\u0438"}, "model": "work.price", "pk": 3}, {"fields": {"default": true, "price": 0.03, "work_type": 2, "content_type": 15, "title": "\u0418\u0441\u043f\u0440\u0430\u0432\u043b\u0435\u043d\u0438\u0435 \u0442\u0440\u0430\u043d\u0441\u043a\u0440\u0438\u0431\u0446\u0438\u0438"}, "model": "work.price", "pk": 4}, {"fields": {"codename": "add_logentry", "name": "Can add log entry", "content_type": 1}, "model": "auth.permission", "pk": 1}, {"fields": {"codename": "change_logentry", "name": "Can change log entry", "content_type": 1}, "model": "auth.permission", "pk": 2}, {"fields": {"codename": "delete_logentry", "name": "Can delete log entry", "content_type": 1}, "model": "auth.permission", "pk": 3}, {"fields": {"codename": "add_permission", "name": "Can add permission", "content_type": 2}, "model": "auth.permission", "pk": 4}, {"fields": {"codename": "change_permission", "name": "Can change permission", "content_type": 2}, "model": "auth.permission", "pk": 5}, {"fields": {"codename": "delete_permission", "name": "Can delete permission", "content_type": 2}, "model": "auth.permission", "pk": 6}, {"fields": {"codename": "add_group", "name": "Can add group", "content_type": 3}, "model": "auth.permission", "pk": 7}, {"fields": {"codename": "change_group", "name": "Can change group", "content_type": 3}, "model": "auth.permission", "pk": 8}, {"fields": {"codename": "delete_group", "name": "Can delete group", "content_type": 3}, "model": "auth.permission", "pk": 9}, {"fields": {"codename": "add_user", "name": "Can add user", "content_type": 4}, "model": "auth.permission", "pk": 10}, {"fields": {"codename": "change_user", "name": "Can change user", "content_type": 4}, "model": "auth.permission", "pk": 11}, {"fields": {"codename": "delete_user", "name": "Can delete user", "content_type": 4}, "model": "auth.permission", "pk": 12}, {"fields": {"codename": "add_contenttype", "name": "Can add content type", "content_type": 5}, "model": "auth.permission", "pk": 13}, {"fields": {"codename": "change_contenttype", "name": "Can change content type", "content_type": 5}, "model": "auth.permission", "pk": 14}, {"fields": {"codename": "delete_contenttype", "name": "Can delete content type", "content_type": 5}, "model": "auth.permission", "pk": 15}, {"fields": {"codename": "add_session", "name": "Can add session", "content_type": 6}, "model": "auth.permission", "pk": 16}, {"fields": {"codename": "change_session", "name": "Can change session", "content_type": 6}, "model": "auth.permission", "pk": 17}, {"fields": {"codename": "delete_session", "name": "Can delete session", "content_type": 6}, "model": "auth.permission", "pk": 18}, {"fields": {"codename": "add_account", "name": "Can add account", "content_type": 7}, "model": "auth.permission", "pk": 19}, {"fields": {"codename": "change_account", "name": "Can change account", "content_type": 7}, "model": "auth.permission", "pk": 20}, {"fields": {"codename": "delete_account", "name": "Can delete account", "content_type": 7}, "model": "auth.permission", "pk": 21}, {"fields": {"codename": "add_record", "name": "Can add record", "content_type": 8}, "model": "auth.permission", "pk": 22}, {"fields": {"codename": "change_record", "name": "Can change record", "content_type": 8}, "model": "auth.permission", "pk": 23}, {"fields": {"codename": "delete_record", "name": "Can delete record", "content_type": 8}, "model": "auth.permission", "pk": 24}, {"fields": {"codename": "add_speaker", "name": "Can add speaker", "content_type": 9}, "model": "auth.permission", "pk": 25}, {"fields": {"codename": "change_speaker", "name": "Can change speaker", "content_type": 9}, "model": "auth.permission", "pk": 26}, {"fields": {"codename": "delete_speaker", "name": "Can delete speaker", "content_type": 9}, "model": "auth.permission", "pk": 27}, {"fields": {"codename": "add_piece", "name": "Can add piece", "content_type": 10}, "model": "auth.permission", "pk": 28}, {"fields": {"codename": "change_piece", "name": "Can change piece", "content_type": 10}, "model": "auth.permission", "pk": 29}, {"fields": {"codename": "delete_piece", "name": "Can delete piece", "content_type": 10}, "model": "auth.permission", "pk": 30}, {"fields": {"codename": "add_transcription", "name": "Can add transcription", "content_type": 11}, "model": "auth.permission", "pk": 31}, {"fields": {"codename": "change_transcription", "name": "Can change transcription", "content_type": 11}, "model": "auth.permission", "pk": 32}, {"fields": {"codename": "delete_transcription", "name": "Can delete transcription", "content_type": 11}, "model": "auth.permission", "pk": 33}, {"fields": {"codename": "add_logs", "name": "Can add logs", "content_type": 12}, "model": "auth.permission", "pk": 34}, {"fields": {"codename": "change_logs", "name": "Can change logs", "content_type": 12}, "model": "auth.permission", "pk": 35}, {"fields": {"codename": "delete_logs", "name": "Can delete logs", "content_type": 12}, "model": "auth.permission", "pk": 36}, {"fields": {"codename": "add_price", "name": "Can add price", "content_type": 13}, "model": "auth.permission", "pk": 37}, {"fields": {"codename": "change_price", "name": "Can change price", "content_type": 13}, "model": "auth.permission", "pk": 38}, {"fields": {"codename": "delete_price", "name": "Can delete price", "content_type": 13}, "model": "auth.permission", "pk": 39}, {"fields": {"codename": "add_order", "name": "Can add order", "content_type": 14}, "model": "auth.permission", "pk": 40}, {"fields": {"codename": "change_order", "name": "Can change order", "content_type": 14}, "model": "auth.permission", "pk": 41}, {"fields": {"codename": "delete_order", "name": "Can delete order", "content_type": 14}, "model": "auth.permission", "pk": 42}, {"fields": {"codename": "add_queue", "name": "Can add queue", "content_type": 15}, "model": "auth.permission", "pk": 43}, {"fields": {"codename": "change_queue", "name": "Can change queue", "content_type": 15}, "model": "auth.permission", "pk": 44}, {"fields": {"codename": "delete_queue", "name": "Can delete queue", "content_type": 15}, "model": "auth.permission", "pk": 45}, {"fields": {"codename": "add_payment", "name": "Can add payment", "content_type": 16}, "model": "auth.permission", "pk": 46}, {"fields": {"codename": "change_payment", "name": "Can change payment", "content_type": 16}, "model": "auth.permission", "pk": 47}, {"fields": {"codename": "delete_payment", "name": "Can delete payment", "content_type": 16}, "model": "auth.permission", "pk": 48}, {"fields": {"codename": "add_usersocialauth", "name": "Can add user social auth", "content_type": 17}, "model": "auth.permission", "pk": 49}, {"fields": {"codename": "change_usersocialauth", "name": "Can change user social auth", "content_type": 17}, "model": "auth.permission", "pk": 50}, {"fields": {"codename": "delete_usersocialauth", "name": "Can delete user social auth", "content_type": 17}, "model": "auth.permission", "pk": 51}, {"fields": {"codename": "add_nonce", "name": "Can add nonce", "content_type": 18}, "model": "auth.permission", "pk": 52}, {"fields": {"codename": "change_nonce", "name": "Can change nonce", "content_type": 18}, "model": "auth.permission", "pk": 53}, {"fields": {"codename": "delete_nonce", "name": "Can delete nonce", "content_type": 18}, "model": "auth.permission", "pk": 54}, {"fields": {"codename": "add_association", "name": "Can add association", "content_type": 19}, "model": "auth.permission", "pk": 55}, {"fields": {"codename": "change_association", "name": "Can change association", "content_type": 19}, "model": "auth.permission", "pk": 56}, {"fields": {"codename": "delete_association", "name": "Can delete association", "content_type": 19}, "model": "auth.permission", "pk": 57}, {"fields": {"username": "fefa4ka", "first_name": "\u0418\u0437\u0438\u0447\u043a\u0430", "last_name": "\u0434\u0435 \u043b\u044f \u0424\u0438\u0444\u0430", "is_active": true, "is_superuser": true, "is_staff": true, "last_login": "2015-06-05T15:47:32Z", "groups": [], "user_permissions": [], "password": "pbkdf2_sha256$12000$toQYjx02e4HJ$upGKiUJhmJFBiWCM8YedtZqywELLwAPNralw/MpGJYE=", "email": "fefa4ka@gmail.com", "date_joined": "2015-06-05T15:47:29Z"}, "model": "auth.user", "pk": 1}, {"fields": {"username": "speech_bot", "first_name": "\u0421\u0442\u0435\u043d\u044f", "last_name": "\u0413\u0440\u0430\u0444\u043e\u0432", "is_active": true, "is_superuser": false, "is_staff": false, "last_login": "2015-06-05T15:55:25Z", "groups": [], "user_permissions": [], "password": "pbkdf2_sha256$12000$37cGkohtrJG4$WkwtRlwOKpbETmm4GiJkaRUc60IGJysSqRDGUQufH00=", "email": "bot@transcribe.ninja", "date_joined": "2015-06-05T15:55:25Z"}, "model": "auth.user", "pk": 2}, {"fields": {"phone": "", "balance": 1000.0, "user": 1, "rating": 0.0}, "model": "core.account", "pk": 1}, {"fields": {"phone": null, "balance": 0.0, "user": 2, "rating": 0.0}, "model": "core.account", "pk": 2}, {"fields": {"audio_file": "record/7270a0c69ba5c8fd1d2e22b917af4e93.mp3", "speakers": 2, "title": "\u0418\u043d\u0442\u0435\u0440\u0432\u044c\u044e \u0427\u0438\u043c\u0430\u043d \u043d\u0430 \u041b\u0438\u0442\u043e\u0432\u0441\u043a\u043e\u043c \u0440\u0430\u0434\u0438\u043e", "trashed_at": null, "created": "2015-06-05T15:48:07Z", "owner": 1, "duration": 305.17, "progress": 0}, "model": "transcribe.record", "pk": 1}, {"fields": {"uid": "10152753448593477", "extra_data": "{\"access_token\": \"CAAN9CmIQMWEBABI1UFyhrUlEZAcddjsbZAGUCC116qVUA2AHI69W3qgZChkpeuD5SqNTvs1Qm7KJabQ3EDEghYTcAypFVwSJB8ybhIv5Lvd2DcizqezhZBH6qgsumXuyzWuZAZC8PtEx5XFV5ZBWgWWLGnVhqEH5lVLo2zUHTuYiZAwddL8rOfFBtljazlnv61EzJElwirK4SoVeTRUwk47T\", \"expires\": \"5183283\", \"id\": \"10152753448593477\"}", "user": 1, "provider": "facebook"}, "model": "social_auth.usersocialauth", "pk": 1}, {"fields": {"action_flag": 1, "action_time": "2015-06-05T15:55:25Z", "object_repr": "speech_bot", "object_id": "2", "change_message": "", "user": 1, "content_type": 4}, "model": "admin.logentry", "pk": 1}, {"fields": {"action_flag": 2, "action_time": "2015-06-05T15:55:36Z", "object_repr": "speech_bot", "object_id": "2", "change_message": "Changed first_name, last_name and email.", "user": 1, "content_type": 4}, "model": "admin.logentry", "pk": 2}, {"fields": {"action_flag": 2, "action_time": "2015-06-05T15:55:44Z", "object_repr": "fefa4ka", "object_id": "1", "change_message": "Changed balance for account \"Account object\".", "user": 1, "content_type": 4}, "model": "admin.logentry", "pk": 3}]